id,posted_by,text,hashtags,in_reply_to_status_id
781578163088400384,Kaka,Happy bday my dear friend @jksheva7 I wish you all the best! #Sheva40,"[{u'indices': [61, 69], u'text': u'Sheva40'}]",
766817132600438784,Kaka,"RT @usainbolt: Olympics¬† Record 

Beijing 2008
100 üèÖ
200 üèÖ
4x100 üèÖ

London 2012
100 üèÖ
200 üèÖ
4x100 üèÖ

#Rio2016¬† 
100 üèÖ 
200 üèÖ 
4x100 üèÖ

#Gold","[{u'indices': [101, 109], u'text': u'Rio2016'}, {u'indices': [135, 140], u'text': u'Gold'}]",
766795134503641088,Kaka,Phenomenon @michaelphelps you are always welcome!! #amazingolympics,"[{u'indices': [51, 67], u'text': u'amazingolympics'}]",
764869183922434048,Kaka,@Kalyani__5 thank you!,[],764869013889359872
744721990234292224,Kaka,Great game! Congratulations @cavs üëèüèºüëèüèºüëèüèº,[],
744623256372649985,Kaka,Happy Father's Day!!,[],
743246497278468096,Kaka,@dkotscho2 I've got it! I just don't have the cara de pau to trick my family!,[],743245236059570176
743244668482224128,Kaka,@dkotscho2 cheater!,[],743243122067406848
742014845432832000,Kaka,"RT @orlandohealth: While we are prepared with enough blood stock, we always appreciate donations. We encourage potential donors to contact‚Ä¶",[],
742014442016243713,Kaka,God bless our city specially the families that have lost loved ones #PrayForOrlando,"[{u'indices': [68, 83], u'text': u'PrayForOrlando'}]",
738962914879672320,Kaka,Rest in peace @MuhammadAli #rip,"[{u'indices': [27, 31], u'text': u'rip'}]",
737069456069824516,Kaka,Arriving at the stadium for our last friendly game before the Copa Centenario. Today Brazil x Panama!,[],
720478650412482561,Kaka,What a privilege! I saw Kobe play. #ThankYouKobe üëèüèºüëèüèºüëèüèºüëèüèºüëèüèº,"[{u'indices': [35, 48], u'text': u'ThankYouKobe'}]",
720475513198915586,Kaka,60 points?? Go for it man!! @kobebryant #ThankYouKobe,"[{u'indices': [40, 53], u'text': u'ThankYouKobe'}]",
720441924142919680,Kaka,Changing channel for kobe's last game now!! #ThankYouKobe,"[{u'indices': [44, 57], u'text': u'ThankYouKobe'}]",
720432678961553408,Kaka,Gollllll !!! 2x0 Calleri! #VamosSaoPaulo,"[{u'indices': [26, 40], u'text': u'VamosSaoPaulo'}]",
720079952616505344,Kaka,"RT @CSLewisDaily: God whispers to us in our pleasures, speaks in our consciences, but shouts in our pains. It is his megaphone to rouse a d‚Ä¶",[],
719300224427159552,Kaka,Congrats @Danny_Willett üèå #Masters #GreenJacket,"[{u'indices': [26, 34], u'text': u'Masters'}, {u'indices': [35, 47], u'text': u'GreenJacket'}]",
718551597974962176,Kaka,On my way to the stadium! At 7pm et @PhilaUnion vs @OrlandoCitySC #golions,"[{u'indices': [66, 74], u'text': u'golions'}]",
717861754710175745,Kaka,Congratulations @mls! 20 years of Major Soccer. Proud to be part of it.,[],
717591007987154944,Kaka,RT @crossthelinex_: We've just have the privilege of interviewing @OrlandoCitySC captain and Brazil legend @KAKA. #IBelongToJesus https://t‚Ä¶,"[{u'indices': [114, 129], u'text': u'IBelongToJesus'}]",
717192577011814401,Kaka,That's unbelievable!!! üëèüèºüëèüèºüëèüèº #MarchMadness #NationalChampionship #FinalFour,"[{u'indices': [30, 43], u'text': u'MarchMadness'}, {u'indices': [44, 65], u'text': u'NationalChampionship'}, {u'indices': [66, 76], u'text': u'FinalFour'}]",
716114127303913472,Kaka,"@KieronDuffin a lot of friends said that too, but I liked it!",[],716113561492332545
716112370209263617,Kaka,@hushusnana yes! But I think he will come back!,[],716112244581408768
716110120741183489,Kaka,The end! I really liked it! üëèüèºüëèüèºüëèüèº #BatmanvSuperman,"[{u'indices': [35, 51], u'text': u'BatmanvSuperman'}]",
716065277553876992,Kaka,"I'm getting into the movies to watch it now! I'll get back later to leave my impressions, see ya!",[],
716059444258299904,Kaka,Who have already seen to Batman vs Superman? Liked it? üëçüèºüëéüèº,[],
715737970259714050,Kaka,"RT @CSLewisDaily: ‚ÄúGod can't give us peace and happiness apart from Himself because there is no such thing.‚Äù 
~ #CSLewis","[{u'indices': [112, 120], u'text': u'CSLewis'}]",
713780734549471232,Kaka,"RT @CSLewisDaily: ‚ÄúEveryone thinks forgiveness is a lovely idea until he has something to forgive.‚Äù 
~ #CSLewis | #MereChristianity","[{u'indices': [103, 111], u'text': u'CSLewis'}, {u'indices': [114, 131], u'text': u'MereChristianity'}]",
712705560840421377,Kaka,@dkotscho2 midfielder player always previews a good move! üòÇ,[],712701751292477440
712366453228498944,Kaka,@murderfxcker praying too! üôèüèº,[],712359356998819840
712366236689104897,Kaka,@ZaySha1D thanks! Good luck,[],712360122144534528
712365923815006209,Kaka,@vAbdulazizM a lot!,[],712362912011198469
712359070305542146,Kaka,Another life and career moment that we'll course together! Welcome @J_Baptista81 to @OrlandoCitySC #thebeast #labestia,"[{u'indices': [99, 108], u'text': u'thebeast'}, {u'indices': [109, 118], u'text': u'labestia'}]",
710995278631936000,Kaka,Thank you guys! It was nice watch the game with you.. üòò/// Valeu galera. Muito bom assistir o jogo com voc√™s! üòò,[],
710994111692673024,Kaka,Field goal!!! üòÇüòÇüòÇüèà,[],
710992807725506560,Kaka,How easy is to watch from outside! #NYCvORL,"[{u'indices': [35, 43], u'text': u'NYCvORL'}]",
710991117332905984,Kaka,So close @PedroRibeiro15!! #NYCvORL,"[{u'indices': [27, 35], u'text': u'NYCvORL'}]",
710989188926152704,Kaka,Thank you pole!üòÖ,[],
710988532286889984,Kaka,"RT @OrlandoCitySC: 70' Orlando City substitution: Carlos Rivas makes his first appearance of 2016. He's on for Winter. 

#NYCvORL | 0-1","[{u'indices': [121, 129], u'text': u'NYCvORL'}]",
710988216086753280,Kaka,@SeanQuinnSports probably! üòÇ,[],710988110721449984
710986303362433025,Kaka,Kevinnnnnnnnnnn !!!! I'll kill you tomorrow bro üòÇ #NYCvORL,"[{u'indices': [50, 58], u'text': u'NYCvORL'}]",
710985636392660992,Kaka,What a save Joe! üëèüèºüëèüèºüëèüèºüëèüèº,[],
710978259064852480,Kaka,End of the first half! @NYCFC 0x1 @OrlandoCitySC /// Fim do primeiro tempo @NYCFC 0x1 @OrlandoCitySC #NYCvORL,"[{u'indices': [101, 109], u'text': u'NYCvORL'}]",
710970582960099328,Kaka,Great save Joe!,[],
710969846448721920,Kaka,@nigeoc me too!,[],710969263977328640
710604206877630464,Kaka,@annaYesi much better! I'll be back soon,[],710604044620836864
710603609931702272,Kaka,@daniii1012 I wanna go back soon!,[],710603500636340224
710603502804930561,Kaka,@elsy__ you really have to learn Portuguese! üòÇ,[],710603232234483712
710602211223605248,Kaka,@hattan_jedda thank you!!!,[],710602096840720385
706983149297868800,Kaka,@Haticakcalioglu I'm fine and you?,[],706982556214947841
704166066210086912,Kaka,@citybeautifulsc I'm looking forward and cheering!,[],704164369043689472
704147117443514368,Kaka,@citybeautifulsc that's your guess? I'm on The Renevant.,[],704146129844355073
704143087048761344,Kaka,"@tiltonferns tough one, whats your guess?",[],704142212456538112
704141507708723200,Kaka,@mufcmaya me too!,[],
704140206249791488,Kaka,@hartjl3 definitely!,[],704139942495133697
704139499979329536,Kaka,"Till now, few surprises! What do you guys think? Eager for the #BestMovie #Oscars // At√© agora algumas surpresas, o que acharam?","[{u'indices': [63, 73], u'text': u'BestMovie'}, {u'indices': [74, 81], u'text': u'Oscars'}]",
700873593383743489,Kaka,Great win boys! Well done! @OrlandoMagic,[],
660274135772348420,Kaka,What a game here in Orlando!!! #PureMagic,"[{u'indices': [31, 41], u'text': u'PureMagic'}]",
659584895749120000,Kaka,Amazing game #SEAvLA !! Congratulations @SoundersFC !! #MLSCupPlayoffs,"[{u'indices': [13, 20], u'text': u'SEAvLA'}, {u'indices': [55, 70], u'text': u'MLSCupPlayoffs'}]",
659579356688343040,Kaka,Great gol üëèüèºüëèüèºüëèüèº #SEAvLA 3x2 #MLSCupPlayoffs,"[{u'indices': [17, 24], u'text': u'SEAvLA'}, {u'indices': [29, 44], u'text': u'MLSCupPlayoffs'}]",
659562073760907264,Kaka,Gol!!! Amazing game! #SEAvLA 2x2,"[{u'indices': [21, 28], u'text': u'SEAvLA'}]",
655186148352991233,Kaka,Well done boys!!! Great win @OrlandoCitySC,[],
647906885602004992,Kaka,"Fighting hunger is fighting for life, together we can change the reality of many people.",[],
647205519673982976,Kaka,@NFL Thursday night!!! I love this game. Who's going to win? @Redskins vs @Giants,[],
645428827418685440,Kaka,@Eduardo_g4briel salve!!!,[],645428617632083968
645428700041879552,Kaka,@danii10danii12 yes! I went to the game. Amazing!!!,[],645428245647740929
645428014570934272,Kaka,@CriminalCosta thank you!! Take care,[],645427664040427521
645427762208055296,Kaka,@lAmNotBryan Yes! Take care. God bless you.,[],645427523296227329
645426501081518081,Kaka,@amalwae I'm fine and you?,[],645426179248365569
644212003649798145,Kaka,@MajoLovesKaka happy bday! I wish you all the best.. God bless you!,[],644176746116435972
631576539373694976,Kaka,We hike from village to village assessing needs and relaying them via satellite phone back to @WFP #ShareHumanity,"[{u'indices': [99, 113], u'text': u'ShareHumanity'}]",
631524116571402240,Kaka,The first shipment of mules with food supplies to cut-off villages arrives tomorrow. #ShareHumanity,"[{u'indices': [85, 99], u'text': u'ShareHumanity'}]",
631470262458929152,Kaka,In the middle of the night the ground started shaking. We‚Äôre all safe but hundreds of villages are flattened. #ShareHumanity,"[{u'indices': [110, 124], u'text': u'ShareHumanity'}]",
631436052008435712,Kaka,My feed won‚Äôt be the same over the next day. It‚Äôs for a very special cause: #ShareHumanity,"[{u'indices': [76, 90], u'text': u'ShareHumanity'}]",
605396844043214848,Kaka,@CFC__14 I love Tenis!,[],605396694159761409
605396468074037250,Kaka,@danielizecson23 amazing !!,[],605396185109676032
605396241049088001,Kaka,@achemytummy yes! A lot!,[],605395750005018624
605395625094574080,Kaka,@Zez0X fine and you?,[],605395184491233280
605395560485556224,Kaka,@Steve_sportlovr hello!,[],605395119882125312
605395193127440384,Kaka,@shehreen13abed8 I hope one day!,[],605394722585051138
605394181125754880,Kaka,@FllokiK never !,[],605393801289580544
605393860697698304,Kaka,@zivolichsami thank you very much! God bless you too.,[],
605392929088258048,Kaka,@7Milanesta oh yes!,[],605391998598578177
605392737710559233,Kaka,@Bale__RM fine and you?,[],
605392316069777409,Kaka,@badore33ksa a lot!,[],605391726564343808
605390835585314816,Kaka,@L0mia Hi! Thank you for your support,[],605390139871797249
605390289361096704,Kaka,@hanyn007 for you too!,[],605389371257143298
605390245408976896,Kaka,@HunAin_Ebrahim now go study!,[],605389355692138498
605390186197991424,Kaka,@sportstime407 thank you!,[],605389337912610816
605389810518355969,Kaka,@viniciusbalzare salve!!!,[],605389194106683393
597561930497265666,Kaka,@Jessicacoutooo you got it!,[],597561745029365760
597561412916027392,Kaka,@annaYesi Sure!,[],597561278182367232
597561220594532352,Kaka,@MatheusNani_ salveeeeee,[],597561041845886976
597560671383986178,Kaka,@Shahadleite sure!,[],597560510200958976
597560638576132096,Kaka,@annaveiro_ I m fine and you?,[],597560496502411264
597560418916290560,Kaka,@i_am_sangi I will!!,[],597560089508122624
597559997845897218,Kaka,@amalwae yes !! I love here.,[],597559497503219712
597559574376374272,Kaka,@Juaanccs_ no! Just the result,[],597559089741307904
592402268508545025,Kaka,RT @johnacres48: Great to meet the legend @KAKA today. Very nice man. Exclusive interview coming soon to @BBCSport @wsworldfootball http://‚Ä¶,[],
589438640792608768,Kaka,@fcbjord hello!,[],
589438584379150336,Kaka,@careoh I liked Portland a lot!,[],589438052612767747
589437621476044800,Kaka,@Hana_Nass it's very nice !! Great experience,[],589437090292637696
589436260915097600,Kaka,@yasser10934352 Noooo! Why?,[],
579802981748645888,Kaka,RT @OrlandoMagic: Friends fur-ever! @OrlandoCitySC's @KAKA and @STUFFMagic hanging out at tonight's game. #PureMagic #TeamOrlando http://t.‚Ä¶,"[{u'indices': [106, 116], u'text': u'PureMagic'}, {u'indices': [117, 129], u'text': u'TeamOrlando'}]",
570637947491524608,Kaka,@libertasadiku happy bday!,[],570637725151436802
570637866579173376,Kaka,@fredrikblaman Fine and you?,[],570637556875988992
570637475741376512,Kaka,@SubahAhmed @MLS Thank you!,[],570637172463837184
570637310397689857,Kaka,@AK53_ thank you! Kisses,[],570637094390870016
570637003508858880,Kaka,@vetharko16 Thank you!,[],570636416553627648
570636789087657984,Kaka,@neobicna_ @acmilan Always!,[],570636355086237696
570636452817727488,Kaka,@TorresFansite Why not?,[],570635540334186496
570635563730112514,Kaka,@WarriorsOldBoy Thank you!,[],570634494157451265
570635196250398720,Kaka,@PivaMax Thank you!,[],570634403870863360
570634846407491585,Kaka,@NIALL15ROC thank you !,[],570634376238780418
570634134500073473,Kaka,@KHALIDKhan91 me too!,[],570633387746201600
570633964714639361,Kaka,@nitaabdullahu awesome !!! Nice pic,[],
570633621402484736,Kaka,@zoharrm thank you!,[],570632427963424768
570633578712838144,Kaka,@AliveInDead I hope one day we can meet each other !,[],570632424926748672
570633370645999617,Kaka,@iamRaFi_SrK fine! And u?,[],570632396548104192
570633259773792256,Kaka,@Daniel_finton lets fill the bowl!,[],570632369692151809
570633204320866304,Kaka,@bu_khader fine and you?,[],570632356811313153
570633176680407041,Kaka,@AsieduAgyei thank you!,[],570632349207154688
570633094916665344,Kaka,"@RMGIRL7 hey rmgirl7's sister, thank you for caring me!! Kisses",[],570632328650874880
570632842851557377,Kaka,@Alaa3meir thank you!,[],570632283780042752
570632592980086786,Kaka,@RomanPunkRock Thank you!,[],570632264054214656
570632412952186880,Kaka,@AngelaTsaturian I hope so!,[],570631492679954432
570632279380398081,Kaka,@ClassicMiguel No! God has got much more than we can even imagine.,[],570631450095063040
570632162174738432,Kaka,@sheikhsknight7 ohh! Thank you,[],570631418394517504
570631951092199424,Kaka,@aaomee replying you! And you?,[],570631355534417921
570631878811754497,Kaka,@sherif087 Thank you!,[],570631337746534401
570631675966840832,Kaka,@OnlyPique Happy Bday!!!,[],570630480955105280
570631323255230465,Kaka,@Meisitinurhan I'm fine and u?,[],570630425606909952
570630907062853632,Kaka,@M7mdKR Fine! And you?,[],570630371416494080
570630659800244224,Kaka,@_RYOUNG As soon as I can!!!,[],570630302151761920
570630426051645441,Kaka,@zahraa_wehbe Hi! How are you?,[],570630266244472832
570630144911679489,Kaka,Here I am!,[],
567762474364313600,Kaka,RT @OrlandoCitySC: - @KAKA is a tall guy. The @OrlandoMagic's Nikola Vuƒçeviƒá is just a bit taller. Thanks for coming out to training! http:‚Ä¶,[],
509386529886973952,Kaka,@cilic_marin Congratulations my friend!!!,[],
504665379143450624,Kaka,"""If you faint in the day of adversity, your strength is small"" Proverbs 24:10 #fe #faith #ibelongtojesus","[{u'indices': [78, 81], u'text': u'fe'}, {u'indices': [82, 88], u'text': u'faith'}, {u'indices': [89, 104], u'text': u'ibelongtojesus'}]",
499628358456860672,Kaka,‚ÄúBelieve in The Lord Jesus and you will be saved you and your household.‚Äù ACTS 16:31 #faith #ibelongtojesus,"[{u'indices': [85, 91], u'text': u'faith'}, {u'indices': [92, 107], u'text': u'ibelongtojesus'}]",
479444849192894464,Kaka,@nabihahahaha nothing special !,[],479444570980491264
479444662542172160,Kaka,@Brayan_sfc amem !,[],479444490860900352
474536869762301952,Kaka,"Sexual exploitation of children and teenagers is very serious crime. If you witness it in Brazil, call 100!",[],
462940207768035328,Kaka,#KKTeam Today is derby time!!! In San Siro the beat is stronger. Milan vs Inter at 20:45 (CET) #forzamilan,"[{u'indices': [0, 7], u'text': u'KKTeam'}, {u'indices': [95, 106], u'text': u'forzamilan'}]",
456128076280500224,Kaka,"""Be joyful because you have hope. Be patient when trouble comes, and pray at all times."" Romans 12:12",[],
448906957412642817,Kaka,"#KKTeam Now we have another match of the Serie A, against Fiorentina. Who is with us? #togetherwearebetter","[{u'indices': [0, 7], u'text': u'KKTeam'}, {u'indices': [86, 106], u'text': u'togetherwearebetter'}]",
447719439127949312,Kaka,"#KKTeam Today, we need to win against Lazio, looking for a good result. #weareacmilan #forzamilan!!","[{u'indices': [0, 7], u'text': u'KKTeam'}, {u'indices': [72, 85], u'text': u'weareacmilan'}, {u'indices': [86, 97], u'text': u'forzamilan'}]",
446339333369647104,Kaka,"#KKTeam Do you remember the name of the contender team of that first match for Italian Championship, in 2003? A. Napoli; B. Ancona; C. Genoa","[{u'indices': [0, 7], u'text': u'KKTeam'}]",
440909569238114304,Kaka,"""Success is a journey, not a destination. The doing is often more important than the outcome."" Arthur Ashe",[],
434412463912546304,Kaka,"#KKTeam Now we have another match of the Serie A, against Bologna. Who is with us? #togetherwearebetter","[{u'indices': [0, 7], u'text': u'KKTeam'}, {u'indices': [83, 103], u'text': u'togetherwearebetter'}]",
427393248542588928,Kaka,@SpecialOlympics Be a Fan !,[],
423144663122317312,Kaka,"The whole law is made complete in this one command: ""Love your neighbor as you love yourself"" Galatians 5:14",[],
422078770837590016,Kaka,"Thanks guys for your cooperation ! I loved my new background, what about you ?!",[],
421689632405716992,Kaka,"‚ÄúFor 2014 I want more _______‚Äù, complete this sentence and your message could be published in my background picture ! Let‚Äôs do it ?! #KakaBG","[{u'indices': [133, 140], u'text': u'KakaBG'}]",
407496981968220161,Kaka,@Safamadridista happy birthday !!,[],407495370101760000
403953772248174592,Kaka,@iMajed97 for u 2 !,[],403953519218393089
403953733564129281,Kaka,@Krisatono_ID hello Bro !,[],403953378952093696
403953570623815680,Kaka,@NAIGEERY happy Bday !,[],403953352503226368
403953320429371392,Kaka,@Mbf96_ for you too !,[],403952965419282432
403952866429509632,Kaka,@Nana__Leite for what ?,[],
403952782308573184,Kaka,@iibengk have a nice day !!!,[],403952507275059200
403952519527010304,Kaka,@Prayuda_Kun thank you!,[],403951589192249344
403952009696788480,Kaka,@Safamadridista I'm not,[],403951396791533569
403951974720495616,Kaka,@ILoveKakaSoMuch my niece ?,[],403951393808982018
403951172463366144,Kaka,@Sa3adeh Good luck ! God bless u !,[],403950835388137472
403951041815007232,Kaka,"@Hana_Nass I'm fine , and they are fine too.
Thank you",[],403950810167771136
403950937980796928,Kaka,@Anood_25 ok ok ! Take care,[],403950798235004928
403950768199585792,Kaka,@Ratzaroony me too !! Thanks,[],403950496303419392
403950433569611776,Kaka,@lianizm ow ! Nice .. How old r u ?,[],403950172272873472
403950171350106112,Kaka,@Triaapriyani ok ! Thank you .. Take care,[],403949541827039232
403950021798023168,Kaka,@VDJusticeLover thank you ! Kisses,[],403949514219732992
403949949999919104,Kaka,@Anton_Poga thank you !,[],403949487829164032
403949911299084288,Kaka,@Carva_Team now it's ok ! Take care,[],403949481982312448
403949780877201408,Kaka,@lemonsmelons I'm not,[],403949233520136193
403949050200076288,Kaka,@whereyourheadat I'm watching breaking bad now. What's yours ?,[],403948725556756480
403948879177326592,Kaka,@DontTalk_2Me thank you !,[],
403948765616537600,Kaka,@HBeloushi92 happy bday ! God bless u,[],403948536938897408
403948557608443905,Kaka,@buse8dem sure !! Hi Turkish fans !!,[],403947533107732480
403948315425116161,Kaka,@Elissar1997 hehe I love it !!,[],
403948159422189568,Kaka,@4everKK22 thank you ! Take care,[],403947096732348416
403948070762991616,Kaka,@SaFaKKK_RMCF I'm fine and you ?,[],
403948027326763009,Kaka,@halamadrid7kh sure ! Thank you,[],403947067481268225
403947716180713472,Kaka,@Karen_dykes1 hi !! Say hello to them !,[],403947042315448320
403947401796673537,Kaka,@tieumy_lavender thank you !! Kisses !,[],403946492013993984
403947287774498816,Kaka,@iBashayer_8 hi !! Thank you for caring me ..,[],403946452705357824
403946634960449536,Kaka,@Ibragei hello ! Thank you,[],403946050433855489
403946358966870016,Kaka,@M_S_Abudayyeh fine and you ?,[],403946023934242816
403946313790005248,Kaka,@thufailbasalama keep going and fight for your dreams .. Take care,[],403946015071297536
403945976718966784,Kaka,@farwa305 I have to learn Portuguese ! Take care !,[],403945499633655808
403945731180199936,Kaka,@Aadil_CR7 oh !! Get well soon .. Take care,[],
403945492599828481,Kaka,@HagorHassan fine ! And u ?,[],403945093763067904
403944572755394560,Kaka,KK online !!!!,[],
398193288487792641,Kaka,"@christian_weezy Very nice guys! If you can, send a video too! :) #KKTeam","[{u'indices': [66, 73], u'text': u'KKTeam'}]",398189053419749376
398192097909424128,Kaka,"@Francis82MaFrIT Tks for your supporting Francesco, #togetherwearebetter! #KKTeam","[{u'indices': [52, 72], u'text': u'togetherwearebetter'}, {u'indices': [74, 81], u'text': u'KKTeam'}]",398188896414363648
398187644057694209,Kaka,"@Gladys8KAKA That's is a lot os shirts! We will show your picture to Kak√°, for sure! ;) #KKTeam","[{u'indices': [88, 95], u'text': u'KKTeam'}]",398177357359366144
398177518638743552,Kaka,"@Gladys8KAKA Thanks for your supporting, again! ;) #TogetherWeareBetter #KKTeam","[{u'indices': [51, 71], u'text': u'TogetherWeareBetter'}, {u'indices': [72, 79], u'text': u'KKTeam'}]",398176854315511808
398176932862259200,Kaka,"@SiempreMadrid_ We are Kak√°'s team. When Kak√° is playing, we take care of all, using the hashtag #KKTeam :)","[{u'indices': [97, 104], u'text': u'KKTeam'}]",398176006411804672
398176414534348800,Kaka,@GerrardEC Great! Tks for your supporting guys! #togetherwearebetter,"[{u'indices': [48, 68], u'text': u'togetherwearebetter'}]",
398176121222471680,Kaka,@SaharGolestani_ Tks for your supporting Sahar! #togetherwearebetter,"[{u'indices': [48, 68], u'text': u'togetherwearebetter'}]",398175061342842880
398175580387942400,Kaka,@KK_kaitokid @Wonderful_Kaka Very nice! :),[],398175202011803648
398173935360958464,Kaka,#KKTeam Are you ready for watching the match Barcelona vs. Milan? Share a picture of you with the hashtag #togetherwearebetter,"[{u'indices': [0, 7], u'text': u'KKTeam'}, {u'indices': [106, 126], u'text': u'togetherwearebetter'}]",
397355809274728448,Kaka,For the Lord is good; his steadfast love endures forever and his faithfulness to all generations. Psalm 100: 5,[],
395649988153208832,Kaka,"@Mighty_Milan We are Kak√°'s team. When Kak√° is playing, we take care of all, using the hashtag #KKTeam :)","[{u'indices': [95, 102], u'text': u'KKTeam'}]",395649443107966976
395647998203416576,Kaka,"@AseelRossonera We are Kak√°'s team. When Kak√° is playing, we take care of all, using the hashtag #KKTeam :)","[{u'indices': [97, 104], u'text': u'KKTeam'}]",395646621968760834
390161492655366144,Kaka,"A noble profession inspiring good values and showing the right way. Today in Brazil is professors day, I wish a wonderful day to all of them",[],
383688251535396864,Kaka,"You guys are awesome ! Sorry, I need to go now, thanks a lot. // Siete incredibili ! Grazie mille, devo andare. A presto.",[],
383687805961900032,Kaka,"@tallinnitta Thanks, I will ! We may meet one day :)",[],
383685403468783616,Kaka,Very nice picture @FuadFathalla !,[],383682948114825216
383681372478373888,Kaka,@ILoveKakaSoMuch Nice ! Can I see this picture ?,[],383679235740540928
383679489428840449,Kaka,@fearleswiftie Good luck in your exams Nadine !,[],383678773671231488
383677447427739648,Kaka,Good luck !,[],
383676228013527040,Kaka,@Madridista0_o Happy birthday ! God bless you !,[],383674619716448256
383674797034438656,Kaka,@Nicksalex08 Thank you Nicole ! Besos,[],383674525273317377
383673765864816640,Kaka,@hobbiesgirl My early birthday greetings !,[],383672490532159489
383672509440069632,Kaka,@Brashna Why ? Don't cry !,[],383671573397250049
383671204113960960,Kaka,@Ela718 Thanks for your support ! Take care,[],383670526717493248
383669802805379073,Kaka,@RMGIRL7 don't say that ! How are you?,[],383667732266627072
383668938686480384,Kaka,@MrsMRonaldo7 Big hug to all my Iraqi fans !,[],383667850789261312
383668626282123264,Kaka,@Safamadridista Hello ! how are you ?,[],383667900718264321
383668347016978433,Kaka,@KakaAndCaroline I will try ! :),[],383667934976958464
383667039199428608,Kaka,@AkramAlbalushi thanks for your support Akram !,[],383665255865253888
383665933656408064,Kaka,@i_Angela_ thanks Angela ! Take care !,[],383665510082416640
377135201287028736,Kaka,How good and pleasant it is when brothers live together in unity. Psalm 133:1,[],
370204562935660544,Kaka,"@amigojr Yes, you scored!",[],369838532908826624
370204488922963968,Kaka,"@EdLopOrt Yes, right!",[],369839002909560833
370204321582837760,Kaka,"@GodoyKris Yes, it's right!",[],369839040071479296
370204238166499328,Kaka,"@Jastorification Yes, you scored!",[],369842883794575360
370204105324507137,Kaka,@PaoIriarteR It's right!,[],369853921583329280
370203973552070657,Kaka,@zivolichsami You scored!,[],
370203905642070016,Kaka,@kakafan16 You scored!,[],
370203542230818816,Kaka,"@Samuel_olawale Yes, it's right!",[],370118214006878208
360158071596658689,Kaka,"@rlyfr @dindabonita22 hey Klewang, happy b-day !!",[],360096102663471105
357885179253112834,Kaka,@faiz_wildan98 @delapanlimarsbi @muh_nabil619 hey guys ! have a good day,[],357884989850914816
357881753601441792,Kaka,@KK_kaitokid thanks for yout support !!,[],357881260552634368
357881221432360961,Kaka,@agunggg25 @abcdade hey ! take care,[],
350678332653842432,Kaka,@KK_kaitokid thanks for your support !,[],350663709674315777
345907483174379522,Kaka,I've been practicing sports my whole life and i truly believe that this kept me away from bad things. Take care of your body too ! :),[],
344465521900666880,Kaka,RT @DisneySports: International soccer star @Kaka poses with Mickey Mouse at ESPN Wide World of Sports. #DisneySportsFestival http://t.co/o‚Ä¶,"[{u'indices': [104, 125], u'text': u'DisneySportsFestival'}]",
338713645544529920,Kaka,"Hey guys, the match Real Sociedad x Real Madrid is about to start! Let's support KK and the team! O jogo do Real Madrid vai come√ßar! #KKTeam","[{u'indices': [133, 140], u'text': u'KKTeam'}]",
332917729092849665,Kaka,"#VIFS
Tip of the day: Iron Man 3! For those who like a little action, it's worth to watch it, T.Stark and Pepper are awesome!
Enjoy ;)","[{u'indices': [0, 5], u'text': u'VIFS'}]",
313666894391545856,Kaka,Hey @dheceril!! Thank you very much for the support! That's why i call you guys my #VeryImportantFollowers !!!,"[{u'indices': [83, 106], u'text': u'VeryImportantFollowers'}]",313666438906933248
310118560963915776,Kaka,@MudabirAli thank u ! Take care,[],
310118365266067457,Kaka,@SRsiempre4 be happy !! Xxx,[],310118062206619648
310118192053907457,Kaka,@bbq8s for sure ! Xxx,[],310118048306708480
310117564162404352,Kaka,@iBayano don t say this ! For sure you r lucky,[],310117151237357568
310116993401507840,Kaka,@MrsMRonaldo7 don't cry ! Xxx,[],310116394316468224
310116859779375104,Kaka,@jana_moubarak for sure ! Xxx,[],310116377472147456
310116309675429889,Kaka,@ayasammak2 u r welcome ! Xxx,[],310115389138956288
310115770678013952,Kaka,@marialoveskaka ok ! Take care .. Xxx,[],310115286906974208
310115618122776576,Kaka,@22_nadine take care !! Xxx,[],310114948191776768
310115539987079168,Kaka,@JustKAKAyCR7 do what ?,[],310114940197412865
310115389612883968,Kaka,@SaraaDemiri thank u !,[],310114900280213504
310114970044080129,Kaka,@22_nadine I'm fine and you ?,[],310114386217934848
310114924997259264,Kaka,@KakaAndCaroline sure ! Xxx,[],310114368186617856
310114747070705664,Kaka,@Soulayma20 thank you ! Xxx,[],310114247914946562
310114133787951104,Kaka,@AliSAyed7777 thank u !! Take care,[],310113320768270336
310108034473005056,Kaka,@TimaTabaja happy bday ! #nevergiveup,"[{u'indices': [25, 37], u'text': u'nevergiveup'}]",310107094344925184
300583587412070402,Kaka,I wish that this year may be blessed by God to everyone in China. Happy new year!! Êñ∞Âπ¥Â•Ω !!,[],
299243584798982144,Kaka,"Super-classic of international soccer,England vs Brazil! 
Good luck Brazil!! 
#RumoaoHexa #Gaucho100","[{u'indices': [78, 89], u'text': u'RumoaoHexa'}, {u'indices': [90, 100], u'text': u'Gaucho100'}]",
297025615608049664,Kaka,Hey everyone! You can now see some of the most important steps of my career trough my FB Timeline! It's all for you! #VeryImportantFollowers,"[{u'indices': [117, 140], u'text': u'VeryImportantFollowers'}]",
285872438707900416,Kaka,"Happy new year ! I wish you a year of many joys, with lots of love, peace and health! A blessed 2013 to everyone !",[],
280720190625431554,Kaka,@nikolamirotic12 big pleasure my friend ! Take care !,[],280719404801589249
278807263156772864,Kaka,@777Ant very good !! God bless you.,[],278806958256033792
276311999573549057,Kaka,RT @adidasfootball: The #UCL's top Brazilian goalscorer is now @KAKA! Do you know how many goals he has in the competition? #unleash #ka ...,"[{u'indices': [24, 28], u'text': u'UCL'}, {u'indices': [124, 132], u'text': u'unleash'}]",
268569943384145920,Kaka,@Criska78 I hope one day I can go !!,[],268569500411121664
268569859066048512,Kaka,@mirashvini I love it !!,[],268569496984363010
268569821845794816,Kaka,@Leyka_de_Tb beso,[],268569487656235008
268568922222108672,Kaka,@yesscastro sure !! Take care,[],268568605124349952
268568769884983296,Kaka,@a_alhouti have I good class !!,[],
268568242484834304,Kaka,@3bood_Jackson better in 2014 right ?,[],
268567337672777728,Kaka,@sardezzz todayyyyyy !!! xoxo,[],268567114691014658
268566437717737472,Kaka,@KK_kaitokid yep !! xoxo,[],268566129994235904
268566308117966848,Kaka,@harripampir hello !!!,[],268566109224062976
268566024562044928,Kaka,@safijaofwgkta thank u !!,[],
268565853677682688,Kaka,@itsancyy sure !!! Take care,[],268565686220120065
268565444644982784,Kaka,@AbhinavAFC thank you so much.,[],268565169867743234
268564937595559938,Kaka,@V_Cathy20 thank u !!,[],268564171170406400
268563855649669120,Kaka,@toofreshh so go to study now !!! Kisses,[],268563537142624256
268563746618748928,Kaka,@LovinRM you 2 !! xoxo,[],268563531677433857
268563188029718528,Kaka,@mfar__ beso !!,[],268562933062184961
268562969443565568,Kaka,@Kaka_Fans yep. Just read it and replied. Hehe,[],268562124970790913
268562763322888192,Kaka,@vieedha thank u so much for caring me !! Take care,[],268562106289356800
268562563376234496,Kaka,@CallMeSwarna I hope one day I can visit there. How is it ?,[],268562078334341121
268562122965929984,Kaka,@Nooraldo_7 oh never say never !!! Faith !!!!,[],268561769029578752
268561446567309312,Kaka,@Criska78 thank uuuuuuuu,[],268561170691158017
268560778506948608,Kaka,@itsKarenDear thank u so much !!,[],268560123427946496
268560167774343169,Kaka,@mila030 my English is getting better. Don't cry !!!,[],
268558858362966017,Kaka,@mila030 just it ? Hehe ..,[],
268558593677201408,Kaka,@sole_s2 did u do your homework ?,[],268405603431493632
268558370527641600,Kaka,@KakaCarolDreams amem !!!,[],268548991204077568
268557981170429952,Kaka,@far9away yes. I trained and now I'm resting for the game tomorrow.,[],268557727192711168
268557753277087744,Kaka,@CassieScanlon actually I'm in New Jersey !!,[],268555935377661952
268557521961238528,Kaka,@far9away I'm fine and u ?,[],268555515263606784
248732821542281216,Kaka,@dewiyaa hello dear !! Kisses,[],248732512157843458
248732683163824129,Kaka,@shintaresmikaka  I'm fine !! Take care and say hello to Indonesian people !!,[],248732215872196609
248731771678642176,Kaka,@shintaresmikaka  How r u ?,[],248731268391505922
240540365084585985,Kaka,@chintyalico But today u got it !! Take care,[],240540021944381440
240535368238252032,Kaka,@YoSoySara76 for u 2 !! Kisses,[],
240534606514905088,Kaka,"@elamorkaka ok ok , stoppppp .. Kisses",[],240527759011631104
240524235028697088,Kaka,@PurpleGlitterzz never !!,[],240514388988157952
216549911334883328,Kaka,After 2 years and 2 months he's back! Good luck my friend #Dida God bless you.,"[{u'indices': [58, 63], u'text': u'Dida'}]",
215859339817267200,Kaka,Welcome to twitter @beckenbauer !! Take care,[],
206453270250655744,Kaka,@Caiobaribeiro @betofedato75 @tico_sahyoun @tatao72 @maureliosouza @pepedioguardi @cruztadeu - unbelievable !!!!,[],206452400662396928
197819056588464130,Kaka,Campeones Campeones Ole Ole Ole !!!,[],
197816513422557184,Kaka,"We are the champions !! Congratulations to all that were a part of this conquest!!! One more title, thank you Lord. #GloryToGod","[{u'indices': [116, 127], u'text': u'GloryToGod'}]",
195127290982699011,Kaka,We are already 10 million !!! Thank youuuuu. To celebrate I'll make a twitcam. Soon I¬¥ll send an update about the schedule. Tks !!,[],
194098935973953536,Kaka,@RicardoZhedoy Thank you !!,[],194098213303762944
194023936495845380,Kaka,@mollizm Thank you !!,[],194023753494167552
193986904117620736,Kaka,Welcome 30 !! Thanks for all messages are coming from midnight and for the #parabenskaka30anos,"[{u'indices': [75, 94], u'text': u'parabenskaka30anos'}]",
191868375587241984,Kaka,Going to Munich for the first semi final game against Bayern. This week is very important. #halamadrid,"[{u'indices': [91, 102], u'text': u'halamadrid'}]",
188609101624909824,Kaka,"Having lunch with my parents and fulfilling the commandment. I missed u guys so much. @S2imoneleite & #Bosco 
""Honor your father and mother""","[{u'indices': [102, 108], u'text': u'Bosco'}]",
185405936393920512,Kaka,"Tks for all messages. Nice chat with you guys. Now it's time to play Mario Bros with Luca. He's always Luigi, cause it has L like Luca.",[],
185404659165442050,Kaka,"@MariaLisbetP i would not say 0%, maybe 99,99%  !! Kisses",[],185404350514995200
185403961744953346,Kaka,@OhMyRaulGuti Never say never. Take care.,[],
185403790135001089,Kaka,@hussain_madrid I ve already been. It s very nice.,[],
185403663651586048,Kaka,@anitatristi Yes .. Just saw it. Thank u so much.,[],
185403375796486144,Kaka,@AmrMoussa89 I hope soon. I ve never been in Egypt.,[],
185402962825318402,Kaka,@xxLIBERTAxx Yep !! Take care. Kisses,[],
185401427944943616,Kaka,@r3devil11 Yes for sure. Take care.,[],
185400623544537088,Kaka,@ciputthedumb For you too.,[],
185400518435287040,Kaka,@mayae_16 Hi .. Kisses.,[],
185400477427580929,Kaka,@sidoldol Hi S.Korea. Nice place. God bless u 2?,[],185399960060170240
185400285093572608,Kaka,@vickyy__xo I d love it .. Maybe with my friend Dudek.,[],
185400019464097792,Kaka,@TomiShala uau !! Thank you very much for your support.,[],
185399789532364800,Kaka,"@cassiecool22 be strong, have faith and fight for your dreams !!",[],185399157475901440
185399285209247745,Kaka,@umadridista Yes. It was very nice. Amazing country.,[],
185399018875133954,Kaka,@arinjulia Answering you.,[],
185398246271750145,Kaka,@Rabia2585 Not so loud please !!!,[],
185398031343034369,Kaka,@DorraBou Thank u.,[],185397343384903680
185397840829358081,Kaka,@SharanRP12 Thank u. Take care.,[],
185397172467011584,Kaka,@Nicks_Chelsea Thank u very much for your support. Take care.,[],
185396956212899841,Kaka,@TamaraMO10 Owww .. Nice .. Take care ..,[],
185396680731013121,Kaka,@peratriam Here !! kisses,[],
185396084112228353,Kaka,@SbuNtuli4eva Thank you ..,[],
185395792830414848,Kaka,@SAMI_LONEY No .. I m Christian !!,[],
185395549040685057,Kaka,@mike_yakumaru Hello .. How r u ??,[],
185395506690789377,Kaka,@RezaYaw  Thank u so much !!,[],
185395452903034880,Kaka,@KakaLil8 I m fine and you ??,[],
185395289476173825,Kaka,bate papo !! // Let's chat,[],
185054771315617792,Kaka,"Happy for the game's final result yesterday, we got an important advantage. Now its only change the ""chip"" and think about La Liga.",[],
177727591472566272,Kaka,"""It is not good that the man should be alone; I will make him a helper fit for him."" Happy International Women's day !!!",[],
177010013267697664,Kaka,On the 8th of March I ll be in a video chat answering questions from @ealatam and @eamexico follow them and find all out !!,[],
168326427912056836,Kaka,... I am happy and keep focus absolutely on the success of my career here.,[],
168326369732870144,Kaka,"About the news on Diario Marca of this saturday, I can affirm that in any moment I have opened doors for a negotiation to leave Real Madrid",[],
167267676304052225,Kaka,Was a pleasure to meet personally @bsenna. Thanks @Gillettebr for show me the F1's behind the scenes.,[],
164348632164864000,Kaka,@YigitcnDemircan I hope i can score a lot of goals for RM too .. Thank u for your support. Take care ..,[],164348283861483520
164348360629825537,Kaka,@mirakaka97 Yes !! Kisses,[],164348021042192384
164348251150106625,Kaka,@_Faizah I certainly believe !!,[],164347845971943425
164345675767758848,Kaka,@manuelvenzi Thank you .. Take care ..,[],
164345021728960512,Kaka,@arnabacmilan for u2 !! Cheers ...,[],164344713355337728
164344867089154049,Kaka,@KakaLil8 Sure !! God bless you ..,[],164344705574907904
164343317885222913,Kaka,"Today completes exactly 10 years since the first time I played with the Brazilian National Team.  It was in Goiania, Brazil 6 x 0 Bolivia.",[],
159640672788414464,Kaka,... I am totally focused on following my personal and collective goals at Real Madrid.,[],
159640631889768449,Kaka,It isn‚Äôt true that I have made any agreement with another club...,[],
158306398399242240,Kaka,"When you achieve something so hard to achieve, the satisfaction is huge!!! Congratulations to everyone for today's  victory!",[],
155377193726382080,Kaka,"RT @IamSecond: If you feel like you want to give up, don't.  Give it to God.  #second","[{u'indices': [78, 85], u'text': u'second'}]",
153900570015580161,Kaka,"I respect all religions, but I m Christian !! ‚Äú@YellowDuckling7: @KAKA converted to Islam :o ? I hope its true :') &lt;33‚Äù",[],
145477713015209984,Kaka,Back to the hotel after a little training. 22h Real Madrid vs Barcelona. #LaLiga #HalaMadrid,"[{u'indices': [73, 80], u'text': u'LaLiga'}, {u'indices': [81, 92], u'text': u'HalaMadrid'}]",
144478577570746368,Kaka,20:45h Ajax x Real Madrid #UCL #HalaMadrid,"[{u'indices': [26, 30], u'text': u'UCL'}, {u'indices': [31, 42], u'text': u'HalaMadrid'}]",
142988121158598658,Kaka,"Going to the game. I commit my way unto the Lord, trust in Him and He will do it !! #hastaelfinalvamosreal","[{u'indices': [84, 106], u'text': u'hastaelfinalvamosreal'}]",
142924145171243008,Kaka,"Have a nice Saturday guys !! Remembering that today at 18h, Sporting Gijon x Real Madrid #LaLiga","[{u'indices': [89, 96], u'text': u'LaLiga'}]",
141970147253555200,Kaka,"I gotta go, was great talking with you !! I ll do this more often ok ?",[],
141969421223739392,Kaka,"@ref_RIJA_rator They r very good, thanks for asking",[],141968779012866048
141968959414075392,Kaka,"@SaraConPollo Yes, let's start .. Eu amo Jesus // I love Jesus !! Beijos // Kisses",[],
141967211517583360,Kaka,@YaseminRoselyn Hi !! My day is been good and yours ?,[],141966886647758849
141966484409823232,Kaka,@vickyy__xo Yes !! Kisses for all Polish Fans !!,[],141966011913093120
141965377667207168,Kaka,@Shelly195 Never ?? Kisses !!,[],
141964875550294016,Kaka,@iam_Rif Where r u from ??,[],141964779219726336
141964783472754688,Kaka,@Wonderful_Kaka Kisses !! Thank you for your support !!,[],141964639985602561
141963211892195330,Kaka,@iamceren Happy Bday !!,[],
141962678783586304,Kaka,@Hana_Nass Thank you so much for your pray !! It's very important for me ..,[],141962495261814784
141962431101534208,Kaka,@dhinie_fadhilah I m fine tks .. And u ?? Take care !!,[],141962335957946368
141962079501426688,Kaka,@risarisa8494 Yes .. I got 2 Kids .. Luca and Isabella !!,[],141961945988349953
141961972487962625,Kaka,@carlosarciga1 Thanks bro !!,[],141961497323646977
141960267952168960,Kaka,For high-performance athletes have a center in Brazil like @NARGPA is a privilege !! Congratulations to all involved in this project.,[],
141230014300557312,Kaka,"""@MikeTyson: Support @kaka & I in effort to raise awareness for childhood cancer. Visit graacc.org.br to see what you can do to help.""",[],
139478283527008256,Kaka,Thank you so much to my friend #Gabrielzinho and to @GRAACC for the opportunity to be part of a movement like today's campaign! #PerfilGRAAC,"[{u'indices': [31, 44], u'text': u'Gabrielzinho'}, {u'indices': [128, 140], u'text': u'PerfilGRAAC'}]",
139474503322435585,Kaka,"Thanks, guys. It was nice talking to everyone. Who wants to know more about me, follows the @GRAACC #perfilGRAACC","[{u'indices': [100, 113], u'text': u'perfilGRAACC'}]",
139462252708380673,Kaka,Kak√° is helping @GRAACC. I should have more people like him to help. Then everyone would be superhero. bit.ly/vB4w4x #perfilGRAACC,"[{u'indices': [117, 130], u'text': u'perfilGRAACC'}]",
139413364764971008,Kaka,"My friends hate studying, I even like. But playing in the playroom @GRAACC is much nicer! bit.ly/vB4w4x #perfilGRAACC","[{u'indices': [104, 117], u'text': u'perfilGRAACC'}]",
139383307577204736,Kaka,"Being a superhero, I help many children, equal to @GRAACC. bit.ly/GRAACC #perfilGRAACC","[{u'indices': [73, 86], u'text': u'perfilGRAACC'}]",
139107983836725249,Kaka,Tomorrow the 23/nov Gabrielzinho a 5 year-old kid is gonna tweet for me. He is under treatment in Brazi.,[],
139107951595098114,Kaka,"People, I‚Äôve just joined the Childhood Cancer Awareness Day campaign to support GRAACC, a Brazilian institution. #perfilGRAACC","[{u'indices': [113, 126], u'text': u'perfilGRAACC'}]",
137962018610233344,Kaka,"I'm in final phase of rehabilitation, I hope to be ready to play again asap !! Thank you for your prayers and messages of support.",[],
137960274199199744,Kaka,Today at 22h very important game to mantain the 1st place. Valencia x Real Madrid. #LaLiga #HalaMadrid,"[{u'indices': [83, 90], u'text': u'LaLiga'}, {u'indices': [91, 102], u'text': u'HalaMadrid'}]",
126982280831975424,Kaka,Today has go-kart race between players in the event of Audi Real Madrid !! Will be fun !!,[],
125170403202187264,Kaka,"Today #LaLiga is back, at 18h Real Madrid x Real Betis. #HalaMadrid !!","[{u'indices': [6, 13], u'text': u'LaLiga'}, {u'indices': [56, 67], u'text': u'HalaMadrid'}]",
121930327835947008,Kaka,"May the Spirit of God console the families, friends and all those like me who admired this great man. #RIP Steve Jobs.","[{u'indices': [102, 106], u'text': u'RIP'}]",
120478383019794432,Kaka,"It's today, @luis_fabuloso back to the field ! I hope this is the beginning of a new time full of joy and victory. You deserve Fabuloso !!",[],
116548373615611905,Kaka,20h Racing Santander x Real Madrid #LaLiga #HalaMadrid,"[{u'indices': [35, 42], u'text': u'LaLiga'}, {u'indices': [43, 54], u'text': u'HalaMadrid'}]",
115464181603512320,Kaka,"Arriving in the stadium for another game, Levante x Real Madrid at 20h #LaLiga #HalaMadrid ..","[{u'indices': [71, 78], u'text': u'LaLiga'}, {u'indices': [79, 90], u'text': u'HalaMadrid'}]",
114043088003006464,Kaka,I ll be supporting my teammates for another victory. At 20:45 Dinamo Zagreb x Real Madrid #UCL #HalaMadrid,"[{u'indices': [90, 94], u'text': u'UCL'}, {u'indices': [95, 106], u'text': u'HalaMadrid'}]",
114043049021149185,Kaka,"Thanks to everyone for all the messages. I'm better, but could not be available for today's game.",[],
112625116365602816,Kaka,Real Madrid 4 x 2 Getafe #HalaMadrid,"[{u'indices': [25, 36], u'text': u'HalaMadrid'}]",
112562289802088448,Kaka,20h - Real Madrid x Getafe #LaLiga,"[{u'indices': [27, 34], u'text': u'LaLiga'}]",
112471835936948224,Kaka,"Welcome to twitter my friend Lass Diarra, this is the real one @Lass_Officiel",[],
107839197607493632,Kaka,Soon the League begins to us! May it be a great opening! Zaragoza x Real Madrid. Let's go!! #HalaMadrid,"[{u'indices': [92, 103], u'text': u'HalaMadrid'}]",
96160338722037760,Kaka,We are already in Berlin for our first European friendly match in this season. Hertha Berlin x Real Madrid at 18h.,[],
94907720813121536,Kaka,"We are going to the Stadium, the last American match in the pre season .. Philadelphia Union x Real Madrid.",[],
93009150283481090,Kaka,New @adidasfootball video http://a.did.as/lHCTzW  Support and motivation for a new season #adipower #Predator,"[{u'indices': [90, 99], u'text': u'adipower'}, {u'indices': [100, 109], u'text': u'Predator'}]",
92380102771474432,Kaka,Going to the Stadium for the first pre season game against @LAGalaxy !!,[],
90453312620601344,Kaka,"According to my schedule, approved by the club I just arrived in LA in order to  start the pre seasson !!",[],
83572231409631234,Kaka,"@elano_blumer , @SamsungPHGanso , @Njr92 , #EduDracena , #Muricy all the best for tonight .. God bless u guys !!","[{u'indices': [43, 54], u'text': u'EduDracena'}, {u'indices': [57, 64], u'text': u'Muricy'}]",
83562257170182144,Kaka,"I donated a Real Madrid's signed shirt for @brechosocial, the value will be donated to the Gol de Letra... http://fb.me/PsXBlMfu",[],
82097892906631169,Kaka,"This week I was in Disney's sports complex (Wide World of Sports), excellent place for athletes, and I had a great... http://fb.me/DkhOOTY2",[],
79272487199834112,Kaka,"Going to celebrate the birthday of three years of Luca, he is very special, I learn a lot from him every day. Happy birthday my son !!",[],
71649099627241473,Kaka,"The launch of the #adiPower #Predator was good fun - I had a great
 time with @persie_official and @luisnani! http://youtu.be/zsfL7W19Rh4","[{u'indices': [18, 27], u'text': u'adiPower'}, {u'indices': [28, 37], u'text': u'Predator'}]",
69700218119127040,Kaka,"My new #Predator boots have arrived, are such that i will use from now. Take a look !! http://fb.me/11zIzP3XJ","[{u'indices': [7, 16], u'text': u'Predator'}]",
67202496644390912,Kaka,Happy Mother's day to all mum in the world ! Especially for my wife and mother of my children @cacelico and to my dear mother @S2imoneleite.,[],
61724893384945664,Kaka,Let‚Äôs make Easter a special day feeding¬† hungry kids. Their future is in our hands. God bless you !! @wefeedback http://bit.ly/g3yBL8,[],
61400523856805889,Kaka,@VikSP thank you ...,[],61400142762352640
61399442305191938,Kaka,@aifauziah thank you .. Xxx,[],61399137161187328
61399042395095040,Kaka,@Reniicor thank you ..,[],
61398810559131648,Kaka,@vickyy_xo thank you .. Xxx,[],61398140632305664
61398626097827841,Kaka,@NizumLovesKaka I ll try to twit more often ..,[],61398120843575297
61397440665894912,Kaka,@darshitgajjar it s true !! Tks ..,[],61397136356540416
61397233161076736,Kaka,@bardac tks bro ..,[],61396988234706944
61396731098710016,Kaka,@Nello69 thank you ..,[],61396638085824512
61396420418224128,Kaka,@ricardonun thank you so much ..,[],61395907123494912
61396002145439744,Kaka,@Rielettle thank you !!,[],61395873795555328
61395332881321984,Kaka,@christywindy thank you .. Xxx,[],61395171421597696
61395240363372544,Kaka,@RyanBabel thank you !,[],61395093432700928
61394579118768128,Kaka,Have a nice April 22 !! It s very nice reeive all these messages. Thank you every one.,[],
60837838106796032,Kaka,Campeon !! Campeon !! #halamadrid http://plixi.com/p/94320149,"[{u'indices': [22, 33], u'text': u'halamadrid'}]",
52300668173697025,Kaka,"Good morning !! Very important week for my knee, I hope everything goes well .. God bless. Have a nice week everyone !!",[],
50210862698463232,Kaka,"Thank you for feeding back, help me reaching the mark of 100.000 kids. Together we are better.... http://fb.me/P6gFlooK",[],
50207676122152960,Kaka,feeding 900 hungry children with the cost of my favorite meal. How many can YOU feed? #wefeedback... http://fb.me/vTGQg0Jq,"[{u'indices': [86, 97], u'text': u'wefeedback'}]",
48148288406425600,Kaka,"Congrats guys, great Victory 3x0. We are in the next round of Champions League !! #halamadrid","[{u'indices': [82, 93], u'text': u'halamadrid'}]",
48016190995578881,Kaka,"After reaching 3 million followers on Twitter, now was the time to reach 6 million on FaceBook! Thank you guys ...",[],
47769000511414272,Kaka,"What sad news about Eric Abidal, tumor in the liver ! Let 's pray for him .. God bless !!",[],
47736261649252352,Kaka,@r_stimpy @dkotscho2 Show do u2 em breve !!,[],47735357067890688
47727159103586304,Kaka,Let's hurry to open up the new website of SPFC. They need 123.000 hashtags #novositesoberano ..,"[{u'indices': [75, 92], u'text': u'novositesoberano'}]",
47260880718675968,Kaka,We are together with u !! RT @riiii_puric: @KAKA The earthquake still continues.But Japan is encouraged by (cont) http://tl.gd/996of5,[],
46253251267526656,Kaka,I just watched the images of the earthquake and Tsunami in Japan. Sad. #prayforJapan,"[{u'indices': [71, 84], u'text': u'prayforJapan'}]",
45509494469439488,Kaka,3 million followers !! That's awesome .. Thank y'all ..,[],
44788420802912256,Kaka,@andrevaladao Amem Bro !!,[],44787140420304896
41076777841463296,Kaka,RT @gatesfoundation: The cost of 1 hamburger feeds 40 hungry kids. Find out the impact of your favorite food: (cont) http://tl.gd/90ga81,[],
40794708569620481,Kaka,feeding 900 hungry children with the cost of my favorite meal. How many can YOU feed? #wefeedback http://tinyurl.com/6fvlpld,"[{u'indices': [86, 97], u'text': u'wefeedback'}]",
39622770224664576,Kaka,"Good morning !! Have a nice week. Now trainning, and after go to Lyon.",[],
39289099101810688,Kaka,@Hibahx never ?? It's not true .. Love my fans from england too .. Xxx,[],39287924495351808
39288842586423296,Kaka,@dddddd_5 hello Japan .. Regards !!,[],39287927615926272
39288601170673664,Kaka,@raizi0723 happy b'day bro !! God bless u ..,[],39287957017997312
39287415155728384,Kaka,@chickooboo yes !! I try .. Xxx,[],39285469699121152
39287299795726336,Kaka,@PurpleGlitterzz yes !! I care about my followers ..,[],39285480952569856
39286767920234496,Kaka,Good morning !! After winning yesterday against Levante. Today we started preparing for Champions game ..,[],
38934609597046784,Kaka,"Watch the video "" The rhythm of my game. "" To watch with subtitles in English or Spanish, click on ""cc"" under the... http://fb.me/ES1qlbfl",[],
37621106802302977,Kaka,@BrunaMezher congrats !!,[],37619532583534592
37204950568144896,Kaka,I complete my tribute by posting a video that I always watch. PHENOMENON'S actions that didn't end in gols. Awsome... http://fb.me/RlHwnz1x,[],
37204196717498368,Kaka,"Ronaldo, thank you for everything you did for the sport, soccer, Brazil and for the thousands of people around the... http://fb.me/UM9qxLDH",[],
36549836677320704,Kaka,Ozil just told me that he doesn't have twitter. So the @officialozil23 IS FAKE .. Tks ..,[],
34364652645261312,Kaka,Thank u all for the messages. Score is always good. But I m happy for the game. I was more confident. #HalaMadrid,"[{u'indices': [102, 113], u'text': u'HalaMadrid'}]",
32416256292290560,Kaka,"Thak you all for your messages. 10 years ago, I debuted as a professional player. My first game was in Morumbi. Sao Paulo 1 x 1 Botafogo.",[],
31300612540862465,Kaka,Attention my user has now changed to  @ KAKA !!,[],
31087989555732480,Kaka,You guys are Very Important Twitters ..  I ll be back asap  ..,[],
31083480033009664,Kaka,"@vickyy_xo I love Dudek .. He is a very good friend .. He is teaching me a lot of things about Polond, also speak .. hehe !!",[],31082888166383616
31082890179645441,Kaka,@Kumekerley Sorry !! Hi Philippines .. Regards ..,[],31082345939337216
31080450118123520,Kaka,@MyriamBarcelone Hehe .. me too !! Tks,[],
31079531972399104,Kaka,"@kaaakyyy He s very nice. Now he starts kick the ball , all day doing that .. Xxx",[],31079180019961856
31078896925413376,Kaka,"@ref_RIJA_rator Yes, i m very happy for that too .. Tks for caring ..",[],31078583275360256
31077997092020224,Kaka,@marcosvcastilho To assistindo com a @cacelico Greys anatomy.,[],31077710491025409
31076903364333568,Kaka,@cassiecool22 Thank u so much ..,[],31076776339841024
31076502187548672,Kaka,@Elleite Israel !!!!!! That s great .. Besos,[],31076161182244864
31074590620917760,Kaka,@bury_myXXXX Did you like it ??,[],31074227570343936
31074413378011136,Kaka,@elissa_syria Tks !! Xoxo for Syria !!,[],31074213095809024
31073685485912065,Kaka,unbelievable !! Most followed the Brazilian's profile on twitter ..  http://bit.ly/f6NYq6,[],
29541737349259264,Kaka,"Watch the video "" The rhythm of my game. "" To watch with subtitles in English or Spanish, click on ""cc"" under the... http://fb.me/BzDz7A3o",[],
28084197746810880,Kaka,"Watch the video "" The rhythm of my game. "" To watch with subtitles in English or Spanish, click on ""cc"" under the... http://fb.me/yVGQNqPV",[],
26239502318047232,Kaka,"RT @masterkalynx: @realkaka 's ""This is the rhythm of my game"" video made me cry :') I love it. http://www.youtube.com/watch?v=XHw3PSE34AA",[],
26022080914915328,Kaka,"It's already AVAILABLE on this page the video "" The pace of my game. "" To watch with subtitles in English or... http://fb.me/Ewg2EvTa",[],
25919275134881792,Kaka,"It's already AVAILABLE on this page the video "" The pace of my game. "" To watch with subtitles in English or... http://fb.me/EDV2FkSk",[],
24546131232948224,Kaka,"Congratulations to Mourinho, awared by FIFA Best Coach of 2010. Also congratulations to Messi, best player in the world in 2010.",[],
24215842312945664,Kaka,@RyanBabel Tks bro !!,[],24214824820940800
24213478214471680,Kaka,"Celebrating a victory and a goal, with some friends and family. I m so happy. #TksLord","[{u'indices': [78, 86], u'text': u'TksLord'}]",
23440610522308608,Kaka,"Today I personally met a great american football player, @ochocinco !! Here is our picture ..  http://plixi.com/p/68451105",[],
22722715072856064,Kaka,RT @ElenaMiras: nothing to do? PRAY. something to do? PRAY. PRAY all the time!! - @realkaka,[],
22691697041342464,Kaka,Pagina oficial no facebook \ My official account on facebook . www.facebook.com/kaka,[],
22079527110836224,Kaka,"I m very happy. Play again after exactly 6 month, it's very special. Thank you all for the messages. #tksLord","[{u'indices': [101, 109], u'text': u'tksLord'}]",
21621776895184897,Kaka,"I m very happy today. After a long period, i m back with my teammates, for the game tomorrow. #tksLord","[{u'indices': [94, 102], u'text': u'tksLord'}]",
21193480365670400,Kaka,@RealFiska hi Indonesia .. I wish a great new year for Indonesian people .. Xxx,[],21192847013191680
20978148535443456,Kaka,In Spain 2011 !! Happy new year ..,[],
20826222107820032,Kaka,@RyanBabel Happy new year my friend !!,[],20825888966840320
20135227137466368,Kaka,"Hello guys, from now I'll try to be more present here too. Always updating with news, photos, videos, etc. .. All the Best ..",[],
20133023613722624,Kaka,"With the help of facebook staff, now i have my official page. www.facebook.com/kaka",[],
18347685799010304,Kaka,""" A child has come, to us a son is given; and he has been named Wise Guide, Strong God, Father for ever, Prince of Peace""  Merry xmas !!",[],
17922467947347968,Kaka,"Thank you all for your messages. Today is a very special day for us, 5 years that we're married !! @realkaka & @cacelico. #love","[{u'indices': [122, 127], u'text': u'love'}]",
16887561075032064,Kaka,"After Christmas lunch of Real Madrid. We are going to some hospitals, give some gifts.",[],
16471877769760768,Kaka,"@alexpang666 I ve already been there, in 2002 before the World Cup. I loved it. Hope i can visit again.",[],16471525972516866
16471516937977856,Kaka,@Pique_kea I ll wanna go to Phuket ? Is that  nice ?,[],16470859971563520
16471238574608384,Kaka,@itsloly Hello !! don't be sad. Xxx,[],16470855806619648
16470105693093888,Kaka,@RyanBabelfans oh oh oh .. It happens when you least expect it. Xxx,[],
16469766176768000,Kaka,@Yasminalovexx Hi Netherlands !! Have a great sunday .. Xxx,[],
16469326039089152,Kaka,@sidoldol Wow .. Great !! How r u ?? God bless u all !!,[],16469163589500929
16468945020133376,Kaka,@z_esma_bjk03 Have a nice sunday !! Turkey,[],16468781811367936
16468334182666240,Kaka,@dgdgRamos  I love Japan !! than u .. xxx,[],16468166184009728
16468143434104832,Kaka,@ViraHalima Not Yet !! Do you have any sugestion ??,[],16468018976530434
16467963313917952,Kaka,@WeLove_CRonaldo I don't know. But i wanna go..,[],16467897031327744
16467854635302912,Kaka,"@ImGaGa4KaKa wow !! So happy bday, and i hope i can be better until there !!",[],16467686607290368
16467455153016832,Kaka,@ImGaGa4KaKa when is your bday ?,[],16467321816092672
16467228740296704,Kaka,@ref_RIJA_rator Ow yes !! Big hug for my fans in Qatar !!,[],16466982488510464
16467021956911104,Kaka,@ViraHalima Have a nice day !! Xxx,[],16466864456601600
16463261801127936,Kaka,@ChicasDeFutbol Thank you for caring !!God bless u .. Xxx,[],16462937010999298
16460296524660736,Kaka,"@RoronoaZorro91 I m fine .. Getting better, and looking foward to play again.",[],16460172629118976
16458351391023104,Kaka,@Wonderful_Kaka Hi Belgium people !!  God bless you all,[],16458149649195009
16455342917419008,Kaka,"@ItsGhada I try to answer all of u, but i have to say that i can't !! It's to much !!",[],
16454152972402688,Kaka,@Cediki_92 I hope next week !!,[],16453723660230657
16453937372602368,Kaka,@w_thionazareth Thank u very much !! God bless u too,[],16453370587910144
16453840249294848,Kaka,@dashaaakaka Thanks !!,[],16453319417397248
16115614741434368,Kaka,"After a long period, today I made my first practice with my teammates. It was only the first training, but  it was already a great joy.",[],
13979399435063296,Kaka,@shion_uza thanks .. I love japan. God bless u too,[],13978925885558784
13979089144651776,Kaka,@lenam_b thank u very much .. God bless u too,[],13978275093155841
13972955113463808,Kaka,"RT@cacelico: B part of this campaign,@realkaka will also send the winner an autographed shirt: Wherever in the (cont) http://tl.gd/7f1qo7",[],
12520207419449344,Kaka,@RyanBabel tks my friend,[],12519061229408256
12517125235146752,Kaka,"It's with great joy, that I confirm that my lovely wife @cacelico is pregnant of our 2nd child !! Now it's a girl !!",[],
11558183550062592,Kaka,"@davydenko27 yeah. I wrote it wrong, but i ll improve.",[],11557726215733248
11557523207225346,Kaka,@MariaisabelCs owww !! Tks for all your support. Xxx,[],
11557158831267840,Kaka,@intansnoopi where is the best place to visit in indonesia ?,[],11556745168027648
11555844059566080,Kaka,@KakaTeam me too.. I m training to play again asap. Xxx,[],11555439938379776
11554135136542720,Kaka,@victoriamf hehe .. Today i get it ..,[],11553472709132288
11553296196042753,Kaka,@acha_love_kaka answering tweets !! And u ?,[],11552662533177344
11552920113778688,Kaka,"@clearblueskyx i love australia. For sure when i can, i ll go.",[],11552442567102465
11551594902454272,Kaka,@FarahZekria yes i m looking foward to play again.,[],11550686688841728
11550812962562049,Kaka,@intansnoopi good morning ? Where r u from ?,[],11549660028080128
11550180084027392,Kaka,@TeamRonaldo07 it was very good. Now keep improving and play again.,[],11549321417719808
